latitude,longitude,title,description,category
50.9031,-1.4043,SeaCity Museum,"SeaCity Museum is a vibrant cultural attraction in Southampton, dedicated to the city's rich maritime history and its people. The museum features interactive exhibits, including the story of the Titanic, which departed from Southampton in 1912. Visitors can explore hands-on displays, learn about the city's role as a gateway to the world, and discover the lives of those who have lived and worked in Southampton over the centuries. The museum also hosts temporary exhibitions, educational workshops, and family-friendly activities, making it a must-visit for history enthusiasts and families alike.",Museum,
50.9078,-1.4132,Southampton Central Railway Station,"Southampton Central Railway Station is the main train hub in the city, connecting Southampton to London, the South Coast, and beyond. The station is a bustling gateway for commuters, tourists, and students, offering modern facilities, shops, and cafes. Its strategic location makes it easy to access the city center, cruise terminals, and local attractions. The station is well-served by public transport, including buses and taxis, ensuring smooth onward journeys. Whether arriving for business, leisure, or study, Southampton Central is a vital part of the city's transport infrastructure. ff gdgd  d  dfsd fsdf sdf s fs df sdf s df sdf s df sdf sd fs df sdf s df sdf sd f sdf sd fs df yu yutyu . tyu tyu tyu tyu tyu tyu ty u eyu ey u tuy uey ue tyu etyu e tyue tyu ty u tyu ty u tyu t yu etyu et yue tyu ety uet yu teyu t yu ety u tyu ty u tyu t yu ty u tyu t yu ty u tyu ty u tyu tyu ety u tyu et yu tyu t yu tyu tyu ty u",Transport,centralstation.jpg
50.9086,-1.4042,Southampton Guildhall,"Southampton Guildhall is a renowned concert and event venue located in the heart of the city. With a rich <b>history</b> dating back to the 1930s, the Guildhall has hosted a wide range of performances, from classical concerts and rock gigs to comedy shows and conferences. The venue boasts impressive acoustics and a grand architectural style, making it a favorite among performers and audiences alike. Its central location, close to shops and restaurants, makes it an ideal destination for a night out or a cultural experience in Southampton.",Venue,
50.9106,-1.4042,Westquay Shopping Centre,"Westquay Shopping Centre is Southampton's premier retail and leisure destination, offering over 100 stores, restaurants, and cafes under one roof. The center features leading high-street brands, designer boutiques, and a variety of dining options, from quick bites to gourmet meals. With its modern architecture, spacious layout, and convenient parking, Westquay provides a comfortable and enjoyable shopping experience. The center also hosts seasonal events, pop-up shops, and family-friendly activities, making it a popular spot for locals and visitors looking for shopping, entertainment, and relaxation.",Shopping,
50.8998,-1.4066,Mayflower Theatre,"The Mayflower Theatre is the largest theatre on the South Coast, renowned for its spectacular productions and historic charm. Opened in 1928, the theatre has hosted countless West End musicals, ballets, operas, and concerts. Its beautifully restored auditorium, with ornate detailing and comfortable seating, offers an unforgettable experience for theatre-goers. The Mayflower is committed to community engagement, offering educational programs, workshops, and accessible performances. Whether you're a fan of drama, dance, or music, the Mayflower Theatre is a cultural gem in Southampton.",Theatre,
50.8992,-1.4078,Southampton City Art Gallery,"Southampton City Art Gallery is home to an impressive collection of over 5,000 works of art, spanning six centuries. The gallery's exhibitions include paintings, sculptures, drawings, and photography, with a focus on British 20th-century and contemporary art. Visitors can enjoy free admission, guided tours, and special events throughout the year. The gallery is committed to supporting local artists and fostering creativity in the community, making it a vibrant hub for art lovers and cultural explorers in Southampton.",Gallery,
50.8997,-1.3957,St Mary's Stadium,"St Mary's Stadium is the home of Southampton Football Club, known as the Saints. The modern, all-seater stadium has a capacity of over 32,000 and offers excellent views from every seat. On match days, the stadium comes alive with passionate fans, creating an electric atmosphere. Guided tours are available, allowing visitors to explore the changing rooms, tunnel, and pitchside areas. The stadium also hosts concerts, conferences, and community events, making it a versatile venue in the city.",Stadium,
50.9037,-1.4061,Tudor House and Garden,"Tudor House and Garden is a beautifully restored historic house in the Old Town of Southampton. Dating back to the late 15th century, the house offers a fascinating glimpse into the city's past. Visitors can explore period rooms, interactive exhibits, and tranquil gardens. The museum tells the stories of the people who lived and worked in the house over the centuries, from wealthy merchants to Victorian tenants. With its engaging displays and family-friendly activities, Tudor House is a must-see for history buffs.",Museum,
50.8990,-1.3976,Solent Sky Museum,"Solent Sky Museum celebrates Southampton's aviation heritage, showcasing historic aircraft, engines, and memorabilia. The museum's star attraction is the iconic Supermarine Spitfire, designed and built in Southampton. Visitors can climb aboard vintage planes, learn about the city's role in aviation history, and discover the stories of local pilots and engineers. The museum offers educational programs, guided tours, and hands-on activities for all ages, making it a fascinating destination for aviation enthusiasts and families.",Museum,
50.9006,-1.4042,The Bargate,"The Bargate is a medieval gatehouse and one of Southampton's most iconic landmarks. Built in the 12th century, it once served as the main entrance to the walled city. Today, the Bargate stands as a symbol of Southampton's rich history, with its impressive stonework and historic statues. The surrounding area features shops, cafes, and public art, making it a lively spot for locals and visitors. Guided tours and information panels provide insights into the city's medieval past.",Historic,
50.9351,-1.3965,University of Southampton,"The University of Southampton is a leading research university, known for its academic excellence and vibrant campus life. The university offers a wide range of undergraduate and postgraduate programs, attracting students from around the world. Its modern facilities, green spaces, and cultural events create a dynamic learning environment. The university is also home to cutting-edge research centers, sports facilities, and student societies, making it a hub of innovation and community in Southampton.",Education,
50.9110,-1.4040,Medieval City Walls,"Southampton's Medieval City Walls are among the best-preserved in England, offering a fascinating journey through the city's history. Visitors can walk along the ancient walls, explore towers and gates, and enjoy panoramic views of the city. Information panels and guided tours provide insights into the construction, defense, and daily life of medieval Southampton. The walls are a testament to the city's strategic importance and resilience over the centuries.",Historic,
50.9002,-1.3997,Ocean Village,"Ocean Village is a modern marina and leisure complex, featuring waterfront restaurants, bars, and luxury apartments. The marina is a popular destination for boating enthusiasts, offering moorings and marine services. Visitors can enjoy scenic walks along the waterfront, dine at stylish eateries, or relax in the vibrant atmosphere. Ocean Village also hosts events, live music, and outdoor cinema screenings, making it a lively spot for entertainment and relaxation in Southampton.",Leisure,
50.9005,-1.3992,Red Funnel Ferry Terminal,"The Red Funnel Ferry Terminal is the gateway to the Isle of Wight, offering regular passenger and vehicle ferry services. The terminal features modern facilities, including waiting areas, cafes, and ticket offices. Its convenient location near the city center and public transport links makes it easy for travelers to access the ferries. The terminal is an essential part of Southampton's transport network, connecting the city to the beautiful Isle of Wight.",Transport,
50.8995,-1.4062,Watts Park,"Watts Park is a tranquil green space in the heart of Southampton, offering beautifully landscaped gardens, mature trees, and walking paths. The park is named after Isaac Watts, a famous hymn writer born in the city. Visitors can enjoy peaceful strolls, relax on benches, or admire the seasonal flower displays. Watts Park is a popular spot for picnics, outdoor exercise, and community events, providing a welcome escape from the urban bustle.",Park,
50.8991,-1.4067,East Park,"East Park, also known as Andrews Park, is a large public park in central Southampton. The park features open lawns, flower beds, and a variety of trees, creating a peaceful environment for relaxation and recreation. Facilities include a children's play area, tennis courts, and a caf√©. The park hosts events, concerts, and festivals throughout the year, making it a vibrant community space for residents and visitors.",Park,
50.8993,-1.4072,Palmerston Park,"Palmerston Park is a beautifully maintained park in the city center, known for its colorful flower displays and historic monuments. The park offers winding paths, ornamental gardens, and plenty of seating areas. It's a popular spot for lunchtime breaks, family outings, and photography. The park's central location makes it easily accessible, and its tranquil atmosphere provides a relaxing retreat from the busy city streets.",Park,
50.9001,-1.4045,West Park,"West Park, also known as Watts Park, is a green oasis in Southampton's city center. The park features wide lawns, mature trees, and a variety of plants. It's a favorite spot for walkers, joggers, and families looking to enjoy the outdoors. The park is also home to public art installations and memorials, adding cultural interest to its natural beauty. West Park is a peaceful place to unwind and connect with nature.",Park,
50.9007,-1.4041,The Marlands Shopping Centre,"The Marlands Shopping Centre is a popular retail destination in Southampton, offering a range of shops, cafes, and services. The center features both high-street brands and independent retailers, providing a diverse shopping experience. Its convenient location near the main transport hubs makes it easily accessible for shoppers. The Marlands also hosts seasonal events, promotions, and family-friendly activities, making it a lively and welcoming place for all ages.",Shopping,
50.8996,-1.4063,Central Library,"Southampton Central Library is a modern public library offering a wide range of books, digital resources, and community services. The library features comfortable reading areas, study spaces, and free Wi-Fi. Regular events, workshops, and children's activities make it a hub of learning and creativity. The library's helpful staff and accessible facilities ensure that everyone can enjoy its resources. Whether you're researching, reading for pleasure, or attending an event, Central Library is a valuable asset to the community.",Education,
